fusion_factor_rf,fusion_factor_lgb,fusion_factor_svc
0.44661800000000007,0.5255380000000001,0.43394200000000005